model,source,throughput_tokens_s,peak_rss_mb,cost_per_1k_tokens,energy_cost_per_1k_tokens,arc_easy,arc_challenge,winogrande,hellaswag,mmlu
LLaMA 3.2 1B,paper (FP16),4.5,2600.0,0.010494,,69.87,41.04,60.77,61.05,42.12
Qwen2.5 1.5B,paper (FP16),3.8,3100.0,0.012427,,79.92,52.82,66.61,70.95,61.11
Qwen2.5-1.5B-Instruct Q8_0,ours,15.1,1667.0,0.003128,0.000224,74.2,44.2,65.8,59.0,62.28
Qwen2.5-1.5B-Instruct Q4_K_M,ours,24.89,1632.0,0.001897,0.000132,71.0,43.2,63.0,58.8,61.23
Qwen2.5-1.5B-Instruct Q2_K,ours,32.53,745.0,0.001451,0.000162,,,,,
Llama-3.2-1B-Instruct Q4_K_M,ours,29.92,1314.0,0.001578,0.000101,,,,,
BitNet b1.58 2B4T,ours,21.2,1247.0,0.002227,0.000131,74.2,46.0,75.2,58.6,54.69
BitNet b1.58 2B4T,paper,20.0,1400.0,0.002361,,74.79,49.91,71.9,68.44,53.17
