model,source,throughput_tokens_s,peak_rss_mb,cost_per_1k_tokens,arc_easy,arc_challenge,winogrande,hellaswag,mmlu
LLaMA 3.2 1B,paper (FP16),4.5,2600.0,0.010494,69.87,41.04,60.77,61.05,42.12
Gemma-3 1B,paper (FP16),4.1,2700.0,0.011518,79.42,46.25,66.38,72.15,50.33
SmolLM2 1.7B,paper (FP16),3.5,3300.0,0.013492,81.82,52.99,68.67,72.29,51.77
MiniCPM 2B,paper (FP16),2.9,4100.0,0.016284,82.2,51.96,68.27,75.08,53.07
BitNet b1.58 2B4T,paper,20.0,1400.0,0.002361,74.79,49.91,71.9,68.44,53.17
BitNet b1.58 2B4T,ours,21.2,1247.0,0.002227,74.2,46.0,75.2,58.6,54.69
Qwen2.5 1.5B,paper (FP16),3.8,3100.0,0.012427,79.92,52.82,66.61,70.95,61.11
Qwen2.5-1.5B-Instruct Q8_0,ours,15.1,1667.0,0.003128,74.2,44.2,65.8,59.0,62.28
